Customer Number,First Name,Last Name,Order Number,Order Date,NPS Score,Customer Response
01JSM6C4X6QYP3SNBJTBV7C2GE,Michelle,Sloan,74319,2025-04-02,4,"Online order was delayed with no updates, frustrating process. and Hidden fees popped up at checkout, really soured the experience. and Poor product availability, they were out of the tent I wanted.."
01JSM6C4X7DEZRC4X1EJX5KZCW,Latoya,Walker,29281,2025-01-02,2,"Decent selection, but I wish they had more sizes in stock. and Good pricing on camping gear, but the checkout line took forever. and Customer service was friendly but not very knowledgeable about firearms.."
01JSM6C4X7BDQAWZ2A1NRN3WYC,Heather,Burch,16106,2025-01-18,2,"Decent selection, but I wish they had more sizes in stock.."
01JSM6C4X7GPFR7JDYW0GE14RK,Joseph,Nicholson,43202,2025-03-22,4,"Store hours are inconvenient, closed when I needed to shop. and Unreliable product—my reel broke after one fishing trip. and Customer service was slow and unhelpful with my warranty question.."
01JSM6C4X8V4KS093BPET6AY8F,Timothy,Cole,8243,2025-03-11,5,"Out of stock on half the fishing gear I needed, waste of a trip. and Return policy is a nightmare, they wouldn’t take back a faulty item.."
01JSM6C4X8Z8G015AXZQQ49NFB,Juan,Martin,42021,2025-03-07,3,"Store was clean, but the return policy felt restrictive. and Customer service was fine but didn’t seem to care much.."
01JSM6C4X86J94D8Y3GFA5HD1X,Jaclyn,Moore,30575,2025-01-09,1,Return process was super easy and hassle-free..
01JSM6C4X88QN56FGS8NXRPNGP,Patricia,Ramsey,11953,2025-03-09,1,"Return process was super easy and hassle-free. and Knowledgeable staff helped me pick the perfect hunting boots. and Best prices I’ve seen for high-quality fishing rods, no complaints here!."
01JSM6C4X9852PV3BCPX5M63K7,Michele,Livingston,52872,2025-01-31,4,Unreliable product—my reel broke after one fishing trip..
01JSM6C4X9GH3SV2WNWHSQYG24,Martha,Bryant,92254,2025-04-02,4,"Online order was delayed with no updates, frustrating process. and Poor product availability, they were out of the tent I wanted. and Customer service was slow and unhelpful with my warranty question.."
01JSM6C4X9A5KVMDFYTYX4K71H,Tommy,French,5132,2025-03-11,5,"Terrible customer service, staff ignored me while I waited for help.."
01JSM6C4XATFYZPTKG6PQJDRYJ,Alexis,Yates,8659,2025-03-24,4,"Hidden fees popped up at checkout, really soured the experience. and Store hours are inconvenient, closed when I needed to shop. and Online order was delayed with no updates, frustrating process.."
01JSM6C4XA2HRKSCT64MWZY581,Connor,Olson,31173,2025-01-05,4,"Customer service was slow and unhelpful with my warranty question. and Poor product availability, they were out of the tent I wanted. and Online order was delayed with no updates, frustrating process.."
01JSM6C4XA3HY24ZBP3TBB88VV,Adrian,Young,39322,2025-03-09,3,"Shipping took longer than expected for my kayak order. and Store was clean, but the return policy felt restrictive. and Business hours are alright, but they close too early on weekends.."
01JSM6C4XA46XWDFA9GQNRH95A,Tiffany,Baker,73810,2025-03-29,1,"Best prices I’ve seen for high-quality fishing rods, no complaints here! and Outstanding customer service, staff went above and beyond to help me find the right gear. and Fast shipping on my online order, arrived ahead of schedule.."
01JSM6C4XAXHE3VVPERJWSRT9F,William,Butler,6372,2025-03-09,2,"Business hours are convenient, but the store was a bit messy. and Reliable product, though the staff seemed too busy to assist.."
01JSM6C4XB8C9XYWE9C5WS1EM1,Vanessa,Hutchinson,59701,2025-04-08,5,"Hidden fees everywhere, felt like a bait-and-switch on pricing. and Business hours are ridiculous, closed mid-day when I stopped by.."
01JSM6C4XBQW6Y063CJNPTRYJH,Donald,Baldwin,84,2025-03-10,2,"Online order arrived on time, but packaging was slightly damaged.."
01JSM6C4XBH4NXA04NBS7ZAYAE,Stephen,Moore,91965,2025-04-06,3,"Business hours are alright, but they close too early on weekends.."
01JSM6C4XB0VD0P1A7ZPQD6AX7,Ashley,Scott,60530,2025-02-28,3,"Average experience, pricing was okay but nothing special.."
01JSM6C4XCABMBNF5M62EJXKB5,Amy,Bishop,5160,2025-04-10,5,"Return policy is a nightmare, they wouldn’t take back a faulty item. and Hidden fees everywhere, felt like a bait-and-switch on pricing. and Online order lost in transit and no one could explain why.."
01JSM6C4XC5R5A57ACY040WT8D,Nicole,Hanson,68115,2025-03-18,5,"Business hours are ridiculous, closed mid-day when I stopped by. and Return policy is a nightmare, they wouldn’t take back a faulty item.."
01JSM6C4XC8S72M2EG1ETP5XAR,Emily,Jones,117,2025-02-24,2,"Online order arrived on time, but packaging was slightly damaged. and Good pricing on camping gear, but the checkout line took forever. and Customer service was friendly but not very knowledgeable about firearms.."
01JSM6C4XC27MVQBJENDV7XJZB,Erin,Morgan,90081,2025-03-16,3,"Shipping took longer than expected for my kayak order. and Average experience, pricing was okay but nothing special. and Store was clean, but the return policy felt restrictive.."
01JSM6C4XCF30FPRVD6NQT9J3P,Susan,Smith,46979,2025-04-08,1,Knowledgeable staff helped me pick the perfect hunting boots..
01JSM6C4XDTSA9QDH2K2YQWYTW,Whitney,Price,58749,2025-03-13,2,"Good pricing on camping gear, but the checkout line took forever. and Decent selection, but I wish they had more sizes in stock. and Reliable product, though the staff seemed too busy to assist.."
01JSM6C4XDRX2PQ1TSK1Z6GDQ3,Ricardo,Scott,69834,2025-01-15,4,"Unreliable product—my reel broke after one fishing trip. and Customer service was slow and unhelpful with my warranty question. and Online order was delayed with no updates, frustrating process.."
01JSM6C4XD8HBAJ9AKSCSSGX5Y,Mark,Diaz,50561,2025-01-26,2,"Online order arrived on time, but packaging was slightly damaged. and Decent selection, but I wish they had more sizes in stock. and Customer service was friendly but not very knowledgeable about firearms.."
01JSM6C4XD8NV4MZNVNJZMVK1A,Ann,Hurst,51776,2025-02-17,3,"Business hours are alright, but they close too early on weekends. and Shipping took longer than expected for my kayak order. and Customer service was fine but didn’t seem to care much.."
01JSM6C4XE6D3HWCD3EV6A6SKP,Johnathan,Woods,88276,2025-03-03,2,"Business hours are convenient, but the store was a bit messy. and Good pricing on camping gear, but the checkout line took forever.."
01JSM6C4XEXG72A8G3TP3ZC2KC,John,Robbins,96583,2025-01-04,1,Return process was super easy and hassle-free..
01JSM6C4XEE255JY22Z3VAR4ZA,Miguel,Perkins,74068,2025-03-28,5,"Return policy is a nightmare, they wouldn’t take back a faulty item. and Out of stock on half the fishing gear I needed, waste of a trip. and Terrible customer service, staff ignored me while I waited for help.."
01JSM6C4XE2GNX58DSJDPSQR6Z,Antonio,Harrison,62067,2025-02-16,1,"Best prices I’ve seen for high-quality fishing rods, no complaints here! and Return process was super easy and hassle-free.."
01JSM6C4XETYPY8EJCA2Y8YJQE,Kathryn,Serrano,15307,2025-03-30,1,"Product was in stock and worked perfectly, couldn’t be happier.."
01JSM6C4XF7467EHJVY7KHKFC7,Derek,Singleton,98760,2025-03-08,2,"Decent selection, but I wish they had more sizes in stock. and Customer service was friendly but not very knowledgeable about firearms.."
01JSM6C4XF2V4MTZNZN7930TPZ,Sara,Richardson,70502,2025-03-14,4,"Store hours are inconvenient, closed when I needed to shop. and Poor product availability, they were out of the tent I wanted.."
01JSM6C4XFYTQ4K8WQDB4QNM0J,Meghan,Johnson,5557,2025-03-08,4,"Store hours are inconvenient, closed when I needed to shop.."
01JSM6C4XFTJCQARX0PZYVYBRA,Brandon,Grant,83917,2025-03-31,3,Customer service was fine but didn’t seem to care much..
01JSM6C4XF8EER0JV0Z6SQH2N1,Jennifer,Stevens,30775,2025-01-21,4,"Online order was delayed with no updates, frustrating process.."
01JSM6C4XGXJD6PRSXZPNP6EF4,Brian,Hardin,67185,2025-02-24,2,"Reliable product, though the staff seemed too busy to assist. and Business hours are convenient, but the store was a bit messy. and Good pricing on camping gear, but the checkout line took forever.."
01JSM6C4XGK8QZFDHHWQ6SZ31B,Lisa,Oliver,90923,2025-03-24,4,"Poor product availability, they were out of the tent I wanted. and Hidden fees popped up at checkout, really soured the experience. and Store hours are inconvenient, closed when I needed to shop.."
01JSM6C4XGGW26874W54MP46JV,Victoria,Stevens,92790,2025-02-20,4,"Poor product availability, they were out of the tent I wanted.."
01JSM6C4XGDEXWMCXS5HNTMMHF,Mitchell,Boyd,44818,2025-03-17,4,Unreliable product—my reel broke after one fishing trip. and Customer service was slow and unhelpful with my warranty question..
01JSM6C4XGKS2N3G3BQSME2EYZ,Rebecca,Rodriguez,1084,2025-02-26,1,"Return process was super easy and hassle-free. and Knowledgeable staff helped me pick the perfect hunting boots. and Fast shipping on my online order, arrived ahead of schedule.."
01JSM6C4XH9QFV615BCRCSA94N,Amanda,Jones,31150,2025-03-21,1,"Return process was super easy and hassle-free. and Outstanding customer service, staff went above and beyond to help me find the right gear. and Product was in stock and worked perfectly, couldn’t be happier.."
01JSM6C4XHC4THJBB8HSXDNQW8,Marc,Simmons,6966,2025-01-04,3,Shipping took longer than expected for my kayak order..
01JSM6C4XHMMBKZBEP9BN1SPT7,Timothy,Thompson,45202,2025-02-18,5,"Out of stock on half the fishing gear I needed, waste of a trip. and Business hours are ridiculous, closed mid-day when I stopped by. and Product was defective—my bike tire popped on the first ride.."
01JSM6C4XHR8M2V556DYRP9VY4,Seth,Price,32109,2025-02-27,2,"Reliable product, though the staff seemed too busy to assist.."
01JSM6C4XH30TDGK7NAWFMVQGR,April,Hernandez,34672,2025-02-22,5,"Business hours are ridiculous, closed mid-day when I stopped by. and Terrible customer service, staff ignored me while I waited for help. and Return policy is a nightmare, they wouldn’t take back a faulty item.."
01JSM6C4XJYAFA86SD1GYH5E2R,Russell,Jones,8529,2025-02-17,4,"Poor product availability, they were out of the tent I wanted. and Online order was delayed with no updates, frustrating process.."
01JSM6C4XJ9X0DP97MEXYF3GMG,Sandra,Moore,17792,2025-03-22,3,"Customer service was fine but didn’t seem to care much. and Shipping took longer than expected for my kayak order. and Product availability was hit or miss, had to settle for my second choice.."
01JSM6C4XJDRXFH9EQY0SZ4AVJ,John,Fuentes,84192,2025-02-05,3,"Product availability was hit or miss, had to settle for my second choice.."
01JSM6C4XJG3VQ2HBSQBERR5JD,Claire,Fox,37750,2025-03-18,4,"Store hours are inconvenient, closed when I needed to shop. and Hidden fees popped up at checkout, really soured the experience. and Customer service was slow and unhelpful with my warranty question.."
01JSM6C4XJ93BT7PEWNQRWYTDN,Joseph,Reid,92256,2025-01-28,2,"Decent selection, but I wish they had more sizes in stock.."
01JSM6C4XKECW2NJTRCZ8QB3J8,Danielle,Allen,87702,2025-01-09,3,"Shipping took longer than expected for my kayak order. and Customer service was fine but didn’t seem to care much. and Store was clean, but the return policy felt restrictive.."
01JSM6C4XKZ1JNHGMSQS926HMP,Marilyn,Davis,24171,2025-01-11,1,"Outstanding customer service, staff went above and beyond to help me find the right gear. and Best prices I’ve seen for high-quality fishing rods, no complaints here! and Fast shipping on my online order, arrived ahead of schedule.."
01JSM6C4XKSY8XMR4P5FCB5ADQ,Victoria,Morris,13900,2025-01-03,3,"Product availability was hit or miss, had to settle for my second choice.."
01JSM6C4XKZTCFD0EY9B8HMHH7,Erika,Summers,47446,2025-02-03,1,Return process was super easy and hassle-free..
01JSM6C4XMP5M5Z6QWQ2ZQ1Y2R,Elizabeth,Rogers,67624,2025-02-03,4,"Store hours are inconvenient, closed when I needed to shop. and Poor product availability, they were out of the tent I wanted. and Customer service was slow and unhelpful with my warranty question.."
01JSM6C4XMZZ7AKNV6SQZP5NNP,John,Hoover,14192,2025-03-16,3,"Average experience, pricing was okay but nothing special.."
01JSM6C4XMJRMV2CZWA9755R82,Michael,Mejia,97365,2025-02-09,3,"Average experience, pricing was okay but nothing special. and Business hours are alright, but they close too early on weekends.."
01JSM6C4XMVCG7RWRA61NTGWTB,Amy,Baker,71698,2025-02-05,1,"Return process was super easy and hassle-free. and Fast shipping on my online order, arrived ahead of schedule. and Best prices I’ve seen for high-quality fishing rods, no complaints here!."
01JSM6C4XN2EKF46T37EKKS5B2,Bradley,Anderson,32700,2025-02-23,2,"Customer service was friendly but not very knowledgeable about firearms. and Good pricing on camping gear, but the checkout line took forever. and Reliable product, though the staff seemed too busy to assist.."
01JSM6C4XNH3G0TTKB96TZMA9X,Michelle,Kim,54890,2025-03-28,4,"Unreliable product—my reel broke after one fishing trip. and Online order was delayed with no updates, frustrating process.."
01JSM6C4XNGQ4E7CY2HSMWZXMY,Heather,Taylor,54663,2025-02-09,4,"Online order was delayed with no updates, frustrating process.."
01JSM6C4XN3F0BZY5W3DFA17H1,Kaitlyn,Romero,96217,2025-02-15,2,"Decent selection, but I wish they had more sizes in stock. and Online order arrived on time, but packaging was slightly damaged. and Reliable product, though the staff seemed too busy to assist.."
01JSM6C4XPVB9NA3S3P7T713C5,Tammy,Kim,54183,2025-01-01,4,Unreliable product—my reel broke after one fishing trip..
01JSM6C4XPZ4MSHQB3WA1P9X4K,Paul,Clark,66288,2025-02-20,1,"Return process was super easy and hassle-free. and Product was in stock and worked perfectly, couldn’t be happier.."
01JSM6C4XPZ8RV7A5D5K2JGHDY,Catherine,Hughes,75169,2025-02-27,2,"Decent selection, but I wish they had more sizes in stock. and Online order arrived on time, but packaging was slightly damaged. and Good pricing on camping gear, but the checkout line took forever.."
01JSM6C4XPXW3NZFRJH4RVH96A,Bruce,Davis,11021,2025-04-04,1,"Outstanding customer service, staff went above and beyond to help me find the right gear. and Fast shipping on my online order, arrived ahead of schedule.."
01JSM6C4XQRJ8YQGGYVJVAXYW3,Sandra,Rodriguez,66140,2025-01-22,4,"Customer service was slow and unhelpful with my warranty question. and Store hours are inconvenient, closed when I needed to shop. and Unreliable product—my reel broke after one fishing trip.."
01JSM6C4XQBBKGFZ3B5N2A3KDP,Matthew,Lopez,77441,2025-03-13,4,"Store hours are inconvenient, closed when I needed to shop.."
01JSM6C4XQ7WABH5M52E6XZC44,Thomas,Fields,98033,2025-03-16,4,"Store hours are inconvenient, closed when I needed to shop. and Poor product availability, they were out of the tent I wanted. and Hidden fees popped up at checkout, really soured the experience.."
01JSM6C4XQ9K1T0PJZ5WQ7N386,Crystal,Martinez,92785,2025-01-09,1,"Knowledgeable staff helped me pick the perfect hunting boots. and Outstanding customer service, staff went above and beyond to help me find the right gear.."
01JSM6C4XRMAX4ZAP02DGMMDZH,Dale,Lee,66832,2025-02-27,1,"Best prices I’ve seen for high-quality fishing rods, no complaints here!."
01JSM6C4XRFZEMW8WAMFVR7R49,Christopher,Pierce,26791,2025-03-05,5,"Terrible customer service, staff ignored me while I waited for help. and Out of stock on half the fishing gear I needed, waste of a trip.."
01JSM6C4XRPPZWBM1KS5TS0WMN,Michael,Perez,68146,2025-03-12,3,"Average experience, pricing was okay but nothing special.."
01JSM6C4XRVW4808T8RSGMB9QR,Joshua,Martinez,10339,2025-03-10,1,"Product was in stock and worked perfectly, couldn’t be happier. and Fast shipping on my online order, arrived ahead of schedule. and Outstanding customer service, staff went above and beyond to help me find the right gear.."
01JSM6C4XSWQB9FTJ4JVKGN5DF,Jose,Henderson,28220,2025-02-08,3,"Store was clean, but the return policy felt restrictive. and Shipping took longer than expected for my kayak order.."
01JSM6C4XS34VAPMG9T1CBY9H1,Mitchell,Johnson,44993,2025-01-31,5,"Terrible customer service, staff ignored me while I waited for help. and Business hours are ridiculous, closed mid-day when I stopped by. and Hidden fees everywhere, felt like a bait-and-switch on pricing.."
01JSM6C4XSP2QVASJQ5QAEQVFX,Jillian,Johnson,47822,2025-01-13,5,"Return policy is a nightmare, they wouldn’t take back a faulty item. and Online order lost in transit and no one could explain why.."
01JSM6C4XS28MQQX0B8JXAH51J,Gabriel,Stout,22268,2025-01-09,4,"Online order was delayed with no updates, frustrating process. and Store hours are inconvenient, closed when I needed to shop. and Poor product availability, they were out of the tent I wanted.."
01JSM6C4XTE1RZ7GZ7PHX6NBZ9,Ashley,Crawford,18289,2025-03-13,4,Customer service was slow and unhelpful with my warranty question..
01JSM6C4XT96T7GMS13D1KSNEG,Joshua,Hancock,58784,2025-03-26,5,"Return policy is a nightmare, they wouldn’t take back a faulty item.."
01JSM6C4XTZDVFBTR6GDZSMFCW,Emily,Palmer,74667,2025-01-03,4,Customer service was slow and unhelpful with my warranty question..
01JSM6C4XT3CZ1CKFH63B0E1R1,Linda,Yu,68555,2025-03-06,2,"Business hours are convenient, but the store was a bit messy. and Decent selection, but I wish they had more sizes in stock. and Customer service was friendly but not very knowledgeable about firearms.."
01JSM6C4XT7TGH072VY8AVBXEQ,Elizabeth,Sanders,54826,2025-02-13,2,"Business hours are convenient, but the store was a bit messy. and Good pricing on camping gear, but the checkout line took forever. and Reliable product, though the staff seemed too busy to assist.."
01JSM6C4XVYK0N6TNYKPYT926M,Joe,Powers,51772,2025-03-17,1,"Best prices I’ve seen for high-quality fishing rods, no complaints here! and Product was in stock and worked perfectly, couldn’t be happier.."
01JSM6C4XVG4YDZVV56JS0R30T,Benjamin,Ford,18718,2025-02-16,2,"Online order arrived on time, but packaging was slightly damaged. and Decent selection, but I wish they had more sizes in stock. and Reliable product, though the staff seemed too busy to assist.."
01JSM6C4XVSYFKJYR6MVEKA3NX,Cindy,Graham,71862,2025-01-10,1,"Return process was super easy and hassle-free. and Outstanding customer service, staff went above and beyond to help me find the right gear.."
01JSM6C4XVKABWNT4CY5CESADR,Connie,Richmond,11288,2025-03-15,2,"Online order arrived on time, but packaging was slightly damaged.."
01JSM6C4XWE17EYWDZZ00F9MA8,Douglas,Wilson,44500,2025-03-10,4,"Poor product availability, they were out of the tent I wanted.."
01JSM6C4XW4N9KBGDN71MXSM58,Jacob,Smith,94836,2025-03-15,2,"Customer service was friendly but not very knowledgeable about firearms. and Reliable product, though the staff seemed too busy to assist. and Business hours are convenient, but the store was a bit messy.."
01JSM6C4XWGCK0W9EKSB41GKK5,Kyle,Brooks,26142,2025-01-27,1,"Product was in stock and worked perfectly, couldn’t be happier. and Fast shipping on my online order, arrived ahead of schedule. and Outstanding customer service, staff went above and beyond to help me find the right gear.."
01JSM6C4XWSTG9NQZV8JN8SDDJ,Jill,Brown,99333,2025-02-19,3,"Shipping took longer than expected for my kayak order. and Product availability was hit or miss, had to settle for my second choice.."
01JSM6C4XWJQBA1ZT1Q1ZFEYZT,Christie,Gomez,22051,2025-01-10,3,Customer service was fine but didn’t seem to care much..
01JSM6C4XXGQ3A95FANNWGVQ8P,Thomas,Moore,41311,2025-02-03,3,"Store was clean, but the return policy felt restrictive. and Product availability was hit or miss, had to settle for my second choice.."
01JSM6C4XXAJN5JYDXAQHSV62W,Stephen,Jones,2535,2025-03-02,3,"Business hours are alright, but they close too early on weekends. and Average experience, pricing was okay but nothing special.."
01JSM6C4XXVMWYHZQ5DF4QXQ0J,Brittany,Stokes,81756,2025-03-03,4,"Unreliable product—my reel broke after one fishing trip. and Store hours are inconvenient, closed when I needed to shop. and Poor product availability, they were out of the tent I wanted.."
01JSM6C4XXD05G7Z80Z0KXDZJ1,Mark,Solomon,72716,2025-03-13,1,"Return process was super easy and hassle-free. and Fast shipping on my online order, arrived ahead of schedule. and Product was in stock and worked perfectly, couldn’t be happier.."
01JSM6C4XY64HKMHKXY3JJBZWW,Nicholas,Hall,15228,2025-01-28,4,"Poor product availability, they were out of the tent I wanted.."
01JSM6C4XYBFMW8E7G227VDA5A,John,Smith,66349,2025-04-08,2,"Reliable product, though the staff seemed too busy to assist.."
01JSM6C4XY7TWHH3J24S7Q2B2H,Megan,Clark,16075,2025-02-18,5,"Hidden fees everywhere, felt like a bait-and-switch on pricing. and Return policy is a nightmare, they wouldn’t take back a faulty item. and Terrible customer service, staff ignored me while I waited for help.."
01JSM6C4XYYABD6Y6KWRM47577,Madison,Carlson,82197,2025-02-04,3,"Average experience, pricing was okay but nothing special.."
01JSM6C4XZR1R0QA13HW7FAW1G,Trevor,Ward,13117,2025-01-26,4,"Store hours are inconvenient, closed when I needed to shop. and Unreliable product—my reel broke after one fishing trip.."
01JSM6C4XZBVB14M34KWMR3GTY,Tyler,Jenkins,80331,2025-03-18,1,Return process was super easy and hassle-free. and Knowledgeable staff helped me pick the perfect hunting boots..
01JSM6C4XZFNNQH6S1ND0MV879,William,Garcia,16765,2025-02-10,1,"Fast shipping on my online order, arrived ahead of schedule. and Outstanding customer service, staff went above and beyond to help me find the right gear.."
01JSM6C4XZE2KA1JP8W48WQPDZ,Bryan,Dillon,47797,2025-02-27,3,"Shipping took longer than expected for my kayak order. and Customer service was fine but didn’t seem to care much. and Business hours are alright, but they close too early on weekends.."
01JSM6C4Y0D1V1NARPAVNQNTA3,Amber,Barr,28790,2025-01-01,1,"Knowledgeable staff helped me pick the perfect hunting boots. and Fast shipping on my online order, arrived ahead of schedule.."
01JSM6C4Y0HT5NK5SZ4PMTBD0R,Jessica,Smith,15035,2025-01-14,2,"Good pricing on camping gear, but the checkout line took forever.."
01JSM6C4Y0XN3X76DNG8CD71QK,Kevin,Graves,27388,2025-01-01,1,"Fast shipping on my online order, arrived ahead of schedule. and Return process was super easy and hassle-free.."
01JSM6C4Y0WCDGVPZQD5PXCY3M,Kaitlyn,Clark,78187,2025-01-28,4,Unreliable product—my reel broke after one fishing trip..
01JSM6C4Y1TGBDPV4B966RSXD7,Kenneth,Haney,21015,2025-02-23,4,"Poor product availability, they were out of the tent I wanted.."
01JSM6C4Y1P16R6219VX2EVFS8,Elizabeth,Sherman,71035,2025-01-15,2,"Business hours are convenient, but the store was a bit messy. and Decent selection, but I wish they had more sizes in stock.."
01JSM6C4Y1TFET92BRZTGBC6QM,Linda,Robinson,14898,2025-01-23,1,"Best prices I’ve seen for high-quality fishing rods, no complaints here! and Return process was super easy and hassle-free. and Product was in stock and worked perfectly, couldn’t be happier.."
01JSM6C4Y12K4C646EFDJME03P,John,Taylor,16127,2025-02-04,5,"Out of stock on half the fishing gear I needed, waste of a trip. and Return policy is a nightmare, they wouldn’t take back a faulty item.."
01JSM6C4Y27BN7KKKA6MDM5Q37,Ryan,Johnson,75779,2025-02-06,2,"Customer service was friendly but not very knowledgeable about firearms. and Reliable product, though the staff seemed too busy to assist. and Online order arrived on time, but packaging was slightly damaged.."
01JSM6C4Y29G1VZAEPYSGX81MK,David,Wang,20968,2025-01-21,4,"Unreliable product—my reel broke after one fishing trip. and Store hours are inconvenient, closed when I needed to shop.."
01JSM6C4Y2SMPWT8F7RT0Q5G2B,Jason,Crawford,49532,2025-02-04,5,"Return policy is a nightmare, they wouldn’t take back a faulty item. and Hidden fees everywhere, felt like a bait-and-switch on pricing.."
01JSM6C4Y2MGQWV2Y6KJPR07XV,Walter,Barton,97380,2025-03-17,5,"Return policy is a nightmare, they wouldn’t take back a faulty item. and Online order lost in transit and no one could explain why.."
01JSM6C4Y2PWHBY8K2538F8DRG,Jodi,Flores,12140,2025-02-18,5,"Terrible customer service, staff ignored me while I waited for help.."
01JSM6C4Y3JGS9PCETVJRXQF33,Jennifer,Foster,36679,2025-01-15,1,"Outstanding customer service, staff went above and beyond to help me find the right gear. and Product was in stock and worked perfectly, couldn’t be happier. and Return process was super easy and hassle-free.."
01JSM6C4Y37DK4AGYNVK4MZYEH,Carlos,Donovan,34365,2025-03-06,2,Customer service was friendly but not very knowledgeable about firearms..
01JSM6C4Y3H6VQ7R0VMTPC49NP,Michelle,Mcbride,43067,2025-01-09,5,"Terrible customer service, staff ignored me while I waited for help. and Out of stock on half the fishing gear I needed, waste of a trip.."
01JSM6C4Y34F6YG5JAPJS6BN0F,Rebecca,Harris,9628,2025-02-26,4,"Poor product availability, they were out of the tent I wanted.."
01JSM6C4Y3ECGVRQ3MXPP41KM0,Stacie,Aguilar,81519,2025-01-12,4,"Online order was delayed with no updates, frustrating process. and Customer service was slow and unhelpful with my warranty question.."
01JSM6C4Y46NTSBKE95254G0NQ,Deanna,French,81611,2025-01-26,3,"Shipping took longer than expected for my kayak order. and Product availability was hit or miss, had to settle for my second choice.."
01JSM6C4Y4CH2DH8PGAXAGZVD4,Melissa,Torres,22764,2025-03-20,1,"Product was in stock and worked perfectly, couldn’t be happier. and Knowledgeable staff helped me pick the perfect hunting boots.."
01JSM6C4Y4A39QMDT89TN2C6TM,Andrew,Ferguson,18113,2025-02-03,1,"Outstanding customer service, staff went above and beyond to help me find the right gear.."
01JSM6C4Y4XSR6P762HPE7DGV8,Lisa,Silva,96343,2025-01-29,3,"Store was clean, but the return policy felt restrictive.."
01JSM6C4Y4Y9DW9DGX0DWN6JV5,Nancy,Vincent,54171,2025-02-20,1,"Fast shipping on my online order, arrived ahead of schedule. and Product was in stock and worked perfectly, couldn’t be happier. and Knowledgeable staff helped me pick the perfect hunting boots.."
01JSM6C4Y5SM3PCJ3FJ5DSNWSZ,Brian,Stone,47851,2025-03-07,4,"Customer service was slow and unhelpful with my warranty question. and Unreliable product—my reel broke after one fishing trip. and Store hours are inconvenient, closed when I needed to shop.."
01JSM6C4Y57G8SP6W24BB7DMZZ,Katherine,Jackson,70690,2025-02-05,5,"Hidden fees everywhere, felt like a bait-and-switch on pricing. and Online order lost in transit and no one could explain why.."
01JSM6C4Y5WJJJ4APQ6N3F4E2R,Kiara,Anderson,74225,2025-01-10,2,"Decent selection, but I wish they had more sizes in stock.."
01JSM6C4Y5JTHBWBMKV26ZZW44,Jennifer,Ryan,17512,2025-02-28,1,"Best prices I’ve seen for high-quality fishing rods, no complaints here! and Outstanding customer service, staff went above and beyond to help me find the right gear.."
01JSM6C4Y5K3NCYKTKT4HGM89P,Garrett,Marshall,452,2025-02-07,2,Customer service was friendly but not very knowledgeable about firearms..
01JSM6C4Y58RBRAV88VFK665KP,Victoria,Johnson,55881,2025-02-19,4,"Hidden fees popped up at checkout, really soured the experience. and Store hours are inconvenient, closed when I needed to shop. and Customer service was slow and unhelpful with my warranty question.."
01JSM6C4Y6EKHTFD9SWXBVJ3HX,Jeffrey,Jefferson,75679,2025-03-05,2,"Decent selection, but I wish they had more sizes in stock. and Online order arrived on time, but packaging was slightly damaged. and Reliable product, though the staff seemed too busy to assist.."
01JSM6C4Y6TMTC1MMWN26JBJ3B,Joseph,Davies,23620,2025-01-09,2,"Customer service was friendly but not very knowledgeable about firearms. and Good pricing on camping gear, but the checkout line took forever.."
01JSM6C4Y61KTXJFF4QJ42GFGE,William,Grant,58815,2025-04-04,1,"Fast shipping on my online order, arrived ahead of schedule. and Return process was super easy and hassle-free.."
01JSM6C4Y6T1SFHR9CXKDZ1MZ2,Victoria,Davis,99881,2025-02-03,2,"Reliable product, though the staff seemed too busy to assist. and Online order arrived on time, but packaging was slightly damaged. and Good pricing on camping gear, but the checkout line took forever.."
01JSM6C4Y7JVH3QXWNVKMM7V82,Andrew,Jackson,95600,2025-03-30,3,"Product availability was hit or miss, had to settle for my second choice. and Average experience, pricing was okay but nothing special. and Customer service was fine but didn’t seem to care much.."
01JSM6C4Y7YG7H2NFGCSGFWNFS,Mary,Kirk,32374,2025-02-14,5,"Business hours are ridiculous, closed mid-day when I stopped by. and Out of stock on half the fishing gear I needed, waste of a trip.."
01JSM6C4Y7AQ0ZW8Z48P4WDW6J,Alexis,Vargas,76341,2025-01-11,1,"Knowledgeable staff helped me pick the perfect hunting boots. and Outstanding customer service, staff went above and beyond to help me find the right gear.."
01JSM6C4Y7X21RJSCT17VF6FQF,Christian,Ellis,85674,2025-02-04,5,"Out of stock on half the fishing gear I needed, waste of a trip. and Product was defective—my bike tire popped on the first ride. and Hidden fees everywhere, felt like a bait-and-switch on pricing.."
01JSM6C4Y71SC29AGA3XNEHQWB,Stacy,Jacobs,12547,2025-01-11,2,"Good pricing on camping gear, but the checkout line took forever. and Business hours are convenient, but the store was a bit messy.."
01JSM6C4Y8224HX9ZG3FFBHSA1,Sharon,Miller,99188,2025-01-14,3,"Store was clean, but the return policy felt restrictive. and Business hours are alright, but they close too early on weekends. and Shipping took longer than expected for my kayak order.."
01JSM6C4Y88W1D2FS3C5YRKJ97,Linda,Miller,11518,2025-03-08,5,"Hidden fees everywhere, felt like a bait-and-switch on pricing. and Business hours are ridiculous, closed mid-day when I stopped by.."
01JSM6C4Y8Q1GFHVGXX1Q9K4P9,David,Crawford,97730,2025-03-11,3,"Store was clean, but the return policy felt restrictive. and Business hours are alright, but they close too early on weekends.."
01JSM6C4Y85CWS1BC11EW7W4P6,Elizabeth,Henderson,84324,2025-02-18,4,Customer service was slow and unhelpful with my warranty question..
01JSM6C4Y8JD5XPHPDVT5VVV27,David,Huber,83582,2025-04-03,4,Unreliable product—my reel broke after one fishing trip..
01JSM6C4Y99JGA26K3YD9J1Q69,Darlene,Roberts,25012,2025-02-10,1,Return process was super easy and hassle-free..
01JSM6C4Y916X5PFGQ764QREXD,Christian,Harvey,8843,2025-02-16,3,"Product availability was hit or miss, had to settle for my second choice. and Customer service was fine but didn’t seem to care much.."
01JSM6C4Y9SQVR094M7Z495AHJ,Brian,Weeks,64682,2025-03-05,5,Online order lost in transit and no one could explain why..
01JSM6C4Y95BS9M830CVE236CG,Derek,Hines,1113,2025-03-11,5,"Online order lost in transit and no one could explain why. and Terrible customer service, staff ignored me while I waited for help. and Return policy is a nightmare, they wouldn’t take back a faulty item.."
01JSM6C4YAEQZX6P9N4PSYWA7X,Adam,Allen,45140,2025-01-16,3,"Product availability was hit or miss, had to settle for my second choice. and Shipping took longer than expected for my kayak order. and Customer service was fine but didn’t seem to care much.."
01JSM6C4YAHAKTC2XTPWPENG7A,Sara,Walsh,25626,2025-01-04,3,Shipping took longer than expected for my kayak order..
01JSM6C4YA8BDYSHEA1S1HN0DB,Ashley,Norton,97232,2025-03-04,3,"Business hours are alright, but they close too early on weekends.."
01JSM6C4YA1K12PS09H4XJ6B9Y,Alicia,Collins,45369,2025-01-04,5,"Hidden fees everywhere, felt like a bait-and-switch on pricing. and Online order lost in transit and no one could explain why. and Business hours are ridiculous, closed mid-day when I stopped by.."
01JSM6C4YADM74D689QC26VBMX,Brian,Nguyen,82644,2025-03-04,2,Customer service was friendly but not very knowledgeable about firearms..
01JSM6C4YBMAJ6PJ0H3HNT84TG,Melissa,Phillips,23890,2025-04-01,5,"Hidden fees everywhere, felt like a bait-and-switch on pricing. and Product was defective—my bike tire popped on the first ride.."
01JSM6C4YB4WQ7PTWN5RKA9ZC6,Brian,Davis,58438,2025-04-01,3,"Average experience, pricing was okay but nothing special. and Product availability was hit or miss, had to settle for my second choice.."
01JSM6C4YBJ0TGXEMEM19XN704,Henry,Martinez,63165,2025-03-11,1,"Outstanding customer service, staff went above and beyond to help me find the right gear. and Fast shipping on my online order, arrived ahead of schedule. and Knowledgeable staff helped me pick the perfect hunting boots.."
01JSM6C4YBRYJ34W8C9CP4RC0R,Thomas,Snyder,2138,2025-03-24,1,"Return process was super easy and hassle-free. and Outstanding customer service, staff went above and beyond to help me find the right gear.."
01JSM6C4YBNP7E800DQ739E1PW,Michael,Fisher,48179,2025-03-15,3,"Product availability was hit or miss, had to settle for my second choice. and Shipping took longer than expected for my kayak order. and Store was clean, but the return policy felt restrictive.."
01JSM6C4YCZ960ZVA46PSBA976,Jocelyn,Martin,26342,2025-01-10,5,"Hidden fees everywhere, felt like a bait-and-switch on pricing. and Out of stock on half the fishing gear I needed, waste of a trip. and Return policy is a nightmare, they wouldn’t take back a faulty item.."
01JSM6C4YCC60BMRFX37Z2ABKF,Anne,Frye,16154,2025-01-03,2,"Business hours are convenient, but the store was a bit messy. and Decent selection, but I wish they had more sizes in stock.."
01JSM6C4YCJDV8EVEWSD4JND4B,Eddie,Mitchell,87805,2025-03-02,4,"Online order was delayed with no updates, frustrating process. and Store hours are inconvenient, closed when I needed to shop. and Hidden fees popped up at checkout, really soured the experience.."
01JSM6C4YCZ3QBCVZ7537WQ8F9,George,Stewart,86878,2025-01-04,5,"Business hours are ridiculous, closed mid-day when I stopped by.."
01JSM6C4YCQZZKJYXS32GTJ337,Jay,Rangel,42201,2025-03-11,1,"Fast shipping on my online order, arrived ahead of schedule. and Product was in stock and worked perfectly, couldn’t be happier. and Outstanding customer service, staff went above and beyond to help me find the right gear.."
01JSM6C4YDBR2D4FT3FKTC3K9H,Leah,Cox,71056,2025-01-25,1,"Knowledgeable staff helped me pick the perfect hunting boots. and Outstanding customer service, staff went above and beyond to help me find the right gear.."
01JSM6C4YDJCBPFS3AT3RYJHQ7,Tiffany,Roberson,19340,2025-02-28,5,"Product was defective—my bike tire popped on the first ride. and Return policy is a nightmare, they wouldn’t take back a faulty item. and Out of stock on half the fishing gear I needed, waste of a trip.."
01JSM6C4YDA9SPK8E1K8JN41K4,Nicole,Diaz,4893,2025-03-28,4,"Hidden fees popped up at checkout, really soured the experience. and Customer service was slow and unhelpful with my warranty question.."
01JSM6C4YDX2C4FCV69FJYQ67K,Julia,Arroyo,20542,2025-01-18,3,"Store was clean, but the return policy felt restrictive. and Shipping took longer than expected for my kayak order.."
01JSM6C4YDK6VP9MXMN2HH405P,Amy,Morrison,8951,2025-04-02,3,"Product availability was hit or miss, had to settle for my second choice. and Shipping took longer than expected for my kayak order. and Customer service was fine but didn’t seem to care much.."
01JSM6C4YEG849QCP9RPRQC29B,Thomas,Cunningham,45729,2025-04-06,1,"Fast shipping on my online order, arrived ahead of schedule.."
01JSM6C4YE8F1FZ02RZPHETQAW,Karen,Stephens,27485,2025-03-07,3,"Customer service was fine but didn’t seem to care much. and Store was clean, but the return policy felt restrictive.."
01JSM6C4YEH1STF5NRGWZGK0MR,Kathleen,Garcia,13091,2025-01-25,2,"Reliable product, though the staff seemed too busy to assist. and Good pricing on camping gear, but the checkout line took forever.."
01JSM6C4YE7RM50XD1RB3M7MGS,Ralph,House,10434,2025-04-04,5,"Business hours are ridiculous, closed mid-day when I stopped by. and Terrible customer service, staff ignored me while I waited for help. and Out of stock on half the fishing gear I needed, waste of a trip.."
01JSM6C4YFC8C5HJ7N79XDJV00,Kimberly,Watts,9413,2025-03-18,5,"Product was defective—my bike tire popped on the first ride. and Business hours are ridiculous, closed mid-day when I stopped by.."
01JSM6C4YFVQQW4ZGJS0YR1KNC,Glenda,Cowan,34506,2025-04-04,2,"Customer service was friendly but not very knowledgeable about firearms. and Reliable product, though the staff seemed too busy to assist. and Business hours are convenient, but the store was a bit messy.."
01JSM6C4YFZSTVG4CTR9XF11PC,Andrea,Raymond,15582,2025-02-26,5,"Return policy is a nightmare, they wouldn’t take back a faulty item. and Product was defective—my bike tire popped on the first ride. and Online order lost in transit and no one could explain why.."
01JSM6C4YF4C4GY3KENEDK4KCG,Joshua,Woodard,25725,2025-01-06,4,"Hidden fees popped up at checkout, really soured the experience.."
01JSM6C4YFQ35G6ERK6YK06G5R,Gina,Fisher,78319,2025-04-08,5,"Terrible customer service, staff ignored me while I waited for help. and Out of stock on half the fishing gear I needed, waste of a trip.."
01JSM6C4YGP845MRPQ21CSSE6K,Shannon,Baker,69320,2025-04-01,1,"Best prices I’ve seen for high-quality fishing rods, no complaints here! and Outstanding customer service, staff went above and beyond to help me find the right gear. and Product was in stock and worked perfectly, couldn’t be happier.."
01JSM6C4YG5BSMBR1WG30DWHP3,Danielle,Johnson,35581,2025-03-22,5,"Hidden fees everywhere, felt like a bait-and-switch on pricing.."
01JSM6C4YGK13CSSNHYA5ZF9CC,Lauren,Mathis,7528,2025-04-08,3,"Business hours are alright, but they close too early on weekends. and Customer service was fine but didn’t seem to care much.."
01JSM6C4YGQGRHTB6HPPBQR9ZY,Stephen,Frey,79493,2025-01-14,5,"Business hours are ridiculous, closed mid-day when I stopped by.."
01JSM6C4YGEJYZNAWJ5X68ZKVW,Thomas,Guzman,18473,2025-03-15,1,"Product was in stock and worked perfectly, couldn’t be happier. and Best prices I’ve seen for high-quality fishing rods, no complaints here! and Fast shipping on my online order, arrived ahead of schedule.."
01JSM6C4YHEG15D0YMT4DNEJCS,Derek,Rodriguez,43150,2025-01-11,3,"Business hours are alright, but they close too early on weekends. and Customer service was fine but didn’t seem to care much. and Product availability was hit or miss, had to settle for my second choice.."
01JSM6C4YHDPH9EDM5QD5T1H94,Jamie,Roberson,7707,2025-02-02,3,Shipping took longer than expected for my kayak order..
01JSM6C4YH54A14P6Y0AZT7KCW,Patricia,Andrews,56785,2025-04-06,5,"Terrible customer service, staff ignored me while I waited for help. and Online order lost in transit and no one could explain why. and Product was defective—my bike tire popped on the first ride.."
01JSM6C4YH7MRTNY205JX8MCZ0,James,Hill,42231,2025-03-19,3,"Shipping took longer than expected for my kayak order. and Business hours are alright, but they close too early on weekends.."
01JSM6C4YHKEKF7HPJT0ECKCYV,Meghan,Long,99163,2025-01-05,2,"Decent selection, but I wish they had more sizes in stock. and Good pricing on camping gear, but the checkout line took forever. and Online order arrived on time, but packaging was slightly damaged.."
01JSM6C4YJMYKZHSDHGX5ZS2YE,Nicole,Whitehead,80058,2025-02-07,1,"Return process was super easy and hassle-free. and Best prices I’ve seen for high-quality fishing rods, no complaints here! and Knowledgeable staff helped me pick the perfect hunting boots.."
01JSM6C4YJE17E4W41QZDYKJTF,Megan,Watkins,17395,2025-01-11,1,"Knowledgeable staff helped me pick the perfect hunting boots. and Return process was super easy and hassle-free. and Best prices I’ve seen for high-quality fishing rods, no complaints here!."
01JSM6C4YJR4NET1WVCMTFBYFF,Kristen,Anderson,36448,2025-03-09,5,"Product was defective—my bike tire popped on the first ride. and Hidden fees everywhere, felt like a bait-and-switch on pricing. and Terrible customer service, staff ignored me while I waited for help.."
01JSM6C4YJZG4GJ4D92Q3DZFRQ,Nicolas,Smith,21510,2025-02-26,4,Unreliable product—my reel broke after one fishing trip..
01JSM6C4YJ83ECQJ1NEZDXTH91,Richard,Graves,10807,2025-03-08,5,"Online order lost in transit and no one could explain why. and Out of stock on half the fishing gear I needed, waste of a trip. and Return policy is a nightmare, they wouldn’t take back a faulty item.."
01JSM6C4YKBQ8XS1RXK05KJ7V5,Leslie,Martinez,94014,2025-02-06,2,"Online order arrived on time, but packaging was slightly damaged. and Decent selection, but I wish they had more sizes in stock.."
01JSM6C4YKJN519KBB7XNPM3X1,Tricia,Cunningham,22443,2025-02-15,4,"Online order was delayed with no updates, frustrating process. and Poor product availability, they were out of the tent I wanted. and Customer service was slow and unhelpful with my warranty question.."
01JSM6C4YKG8ZBK0N4G44F2K3J,Paula,Brown,24624,2025-03-03,3,"Business hours are alright, but they close too early on weekends.."
01JSM6C4YK5P9DSEQV67FW96WG,Danielle,Thomas,99609,2025-04-09,2,"Good pricing on camping gear, but the checkout line took forever.."
01JSM6C4YKE6ZM295HRTGW10VP,Brandon,Mendoza,28971,2025-01-20,2,"Online order arrived on time, but packaging was slightly damaged. and Customer service was friendly but not very knowledgeable about firearms. and Decent selection, but I wish they had more sizes in stock.."
01JSM6C4YMXD27BFP6K3HW0G4S,Cassandra,Morris,39158,2025-03-31,3,"Store was clean, but the return policy felt restrictive. and Customer service was fine but didn’t seem to care much. and Shipping took longer than expected for my kayak order.."
